<?xml version="1.0" encoding="UTF-8"?>
<project-private xmlns="http://www.netbeans.org/ns/project-private/1">
    <editor-bookmarks xmlns="http://www.netbeans.org/ns/editor-bookmarks/2" lastBookmarkId="0"/>
    <open-files xmlns="http://www.netbeans.org/ns/projectui-open-files/2">
        <group>
            <file>file:/C:/Users/jayad/Documents/NetBeansProjects/ABCuniversity/src/abcuniversity/Reports.java</file>
            <file>file:/C:/Users/jayad/Documents/NetBeansProjects/ABCuniversity/src/abcuniversity/InsertStudents.java</file>
            <file>file:/C:/Users/jayad/Documents/NetBeansProjects/ABCuniversity/src/abcuniversity/ShowClassInstances.java</file>
            <file>file:/C:/Users/jayad/Documents/NetBeansProjects/ABCuniversity/src/abcuniversity/ActionMenu.java</file>
            <file>file:/C:/Users/jayad/Documents/NetBeansProjects/ABCuniversity/src/abcuniversity/ABCuniversity.java</file>
            <file>file:/C:/Users/jayad/Documents/NetBeansProjects/ABCuniversity/src/abcuniversity/SelectTableMenu.java</file>
        </group>
    </open-files>
</project-private>
